site_code,median_KT
GR,30.37173262098804
RR,30.19066997570917
TW,29.598467722535133
AL,30.232297461479902
SI,29.87882682820782
TB,29.71438187523745
